location,avg_temperature,avg_humidity
BuildingB_Floor2,25.645813953488357,56.09445736434109
BuildingB_Floor1,24.96308333333335,54.74733333333333
BuildingA_Floor1,24.735335968379456,54.53664031620554
BuildingA_Floor2,23.96666666666666,55.232891566265025
