sensor_id,avg_temp,rank_temp
1006,29.03666666666666,1
1010,29.0,2
1046,28.888333333333332,3
1071,28.290000000000003,4
1084,28.209999999999997,5
